name,ig,teacher_id
趙建,--,308b5e3e-893d-40b9-85f4-957baa1a3533
楊強建,@fisibcr.9833,308b5e3e-893d-40b9-85f4-957baa1a3533
吳娜,@pudlbjt.933,308b5e3e-893d-40b9-85f4-957baa1a3533
吳強,@klv,308b5e3e-893d-40b9-85f4-957baa1a3533
徐秀志,@nka,308b5e3e-893d-40b9-85f4-957baa1a3533
吳芳建,--,308b5e3e-893d-40b9-85f4-957baa1a3533
周志芳,@cmowhau,308b5e3e-893d-40b9-85f4-957baa1a3533
黃強娜,@fpxfkyzo.250,308b5e3e-893d-40b9-85f4-957baa1a3533
胡英建,@odnl,308b5e3e-893d-40b9-85f4-957baa1a3533
周志文,@nomtqajo.118,308b5e3e-893d-40b9-85f4-957baa1a3533
孫明,@fjzby.72,308b5e3e-893d-40b9-85f4-957baa1a3533
朱傑,--,308b5e3e-893d-40b9-85f4-957baa1a3533
徐玉強,--,308b5e3e-893d-40b9-85f4-957baa1a3533
徐強,--,308b5e3e-893d-40b9-85f4-957baa1a3533
楊秀,@vkqtl.837,308b5e3e-893d-40b9-85f4-957baa1a3533
胡玉,--,308b5e3e-893d-40b9-85f4-957baa1a3533
周強偉,@qfp.3356,308b5e3e-893d-40b9-85f4-957baa1a3533
胡志麗,--,308b5e3e-893d-40b9-85f4-957baa1a3533
楊國,@unmdqigp,308b5e3e-893d-40b9-85f4-957baa1a3533
周文華,@pbqbt,308b5e3e-893d-40b9-85f4-957baa1a3533
黃娜,@lswix.3930,308b5e3e-893d-40b9-85f4-957baa1a3533
朱玉,@xavp,308b5e3e-893d-40b9-85f4-957baa1a3533
王娜傑,@etn.802,308b5e3e-893d-40b9-85f4-957baa1a3533
劉強秀,@eixxkyls.27,308b5e3e-893d-40b9-85f4-957baa1a3533
周秀文,@fqd,308b5e3e-893d-40b9-85f4-957baa1a3533
陳芳強,@rrchw.979,308b5e3e-893d-40b9-85f4-957baa1a3533
吳明芳,--,308b5e3e-893d-40b9-85f4-957baa1a3533
吳文偉,--,308b5e3e-893d-40b9-85f4-957baa1a3533
李建麗,--,308b5e3e-893d-40b9-85f4-957baa1a3533
陳強文,@ocnwqzp.14,308b5e3e-893d-40b9-85f4-957baa1a3533
胡明玉,@mdicqkmu.61,308b5e3e-893d-40b9-85f4-957baa1a3533
黃建芳,@eihj.58,308b5e3e-893d-40b9-85f4-957baa1a3533
王英,@acqaac,308b5e3e-893d-40b9-85f4-957baa1a3533
徐國,@iinc.37,308b5e3e-893d-40b9-85f4-957baa1a3533
孫志傑,--,308b5e3e-893d-40b9-85f4-957baa1a3533
吳志,@qqwae.2211,308b5e3e-893d-40b9-85f4-957baa1a3533
李志志,@stitvm.315,308b5e3e-893d-40b9-85f4-957baa1a3533
周秀華,--,308b5e3e-893d-40b9-85f4-957baa1a3533
吳芳,@drj.61,308b5e3e-893d-40b9-85f4-957baa1a3533
朱文國,--,308b5e3e-893d-40b9-85f4-957baa1a3533
胡芳,@bihru,308b5e3e-893d-40b9-85f4-957baa1a3533
周麗秀,--,308b5e3e-893d-40b9-85f4-957baa1a3533
周玉偉,--,308b5e3e-893d-40b9-85f4-957baa1a3533
周建,@fsmzwgyu,308b5e3e-893d-40b9-85f4-957baa1a3533
陳麗英,@wtwvm.235,308b5e3e-893d-40b9-85f4-957baa1a3533
張志強,@zqrffjxq,308b5e3e-893d-40b9-85f4-957baa1a3533
李秀,@mnxqz,308b5e3e-893d-40b9-85f4-957baa1a3533
孫偉,@trpzus.645,308b5e3e-893d-40b9-85f4-957baa1a3533
馬秀,@wassims.29,308b5e3e-893d-40b9-85f4-957baa1a3533
徐建偉,@pcdhnrtz,308b5e3e-893d-40b9-85f4-957baa1a3533
李秀國,--,308b5e3e-893d-40b9-85f4-957baa1a3533
朱玉傑,--,308b5e3e-893d-40b9-85f4-957baa1a3533
朱玉玉,@gsd.890,308b5e3e-893d-40b9-85f4-957baa1a3533
楊強,--,308b5e3e-893d-40b9-85f4-957baa1a3533
徐國,--,308b5e3e-893d-40b9-85f4-957baa1a3533
胡華,@kzsp.36,308b5e3e-893d-40b9-85f4-957baa1a3533
陳傑國,--,308b5e3e-893d-40b9-85f4-957baa1a3533
黃志,@azvo,308b5e3e-893d-40b9-85f4-957baa1a3533
李建,@ubvue.077,308b5e3e-893d-40b9-85f4-957baa1a3533
吳傑偉,@dyyurvzj.43,308b5e3e-893d-40b9-85f4-957baa1a3533
趙麗強,@ujzz,308b5e3e-893d-40b9-85f4-957baa1a3533
趙偉建,@apdvdynk.36,308b5e3e-893d-40b9-85f4-957baa1a3533
朱芳偉,@vbhvn,308b5e3e-893d-40b9-85f4-957baa1a3533
楊秀華,@twtgsq.33,308b5e3e-893d-40b9-85f4-957baa1a3533
王娜,@cjmo.28,308b5e3e-893d-40b9-85f4-957baa1a3533
黃志建,--,308b5e3e-893d-40b9-85f4-957baa1a3533
王強,@nntvip.770,308b5e3e-893d-40b9-85f4-957baa1a3533
黃麗志,@sltg,308b5e3e-893d-40b9-85f4-957baa1a3533
孫傑志,@apf.4625,308b5e3e-893d-40b9-85f4-957baa1a3533
陳傑英,--,308b5e3e-893d-40b9-85f4-957baa1a3533
趙玉芳,@ofp.00,308b5e3e-893d-40b9-85f4-957baa1a3533
王秀娜,@cgri,308b5e3e-893d-40b9-85f4-957baa1a3533
朱建,@jaboluja,308b5e3e-893d-40b9-85f4-957baa1a3533
趙華,@qoloo,308b5e3e-893d-40b9-85f4-957baa1a3533
楊英,@gmp,308b5e3e-893d-40b9-85f4-957baa1a3533
李偉建,--,308b5e3e-893d-40b9-85f4-957baa1a3533
黃建,--,308b5e3e-893d-40b9-85f4-957baa1a3533
馬文,@vazwi,308b5e3e-893d-40b9-85f4-957baa1a3533
周明,@edd,308b5e3e-893d-40b9-85f4-957baa1a3533
張英,@wnnihx,308b5e3e-893d-40b9-85f4-957baa1a3533
劉傑,@xsk.79,308b5e3e-893d-40b9-85f4-957baa1a3533
孫娜,@yydlcknk,308b5e3e-893d-40b9-85f4-957baa1a3533
陳芳芳,@ytriyx.8875,308b5e3e-893d-40b9-85f4-957baa1a3533
王麗麗,@memi,308b5e3e-893d-40b9-85f4-957baa1a3533
張麗芳,@blwwdugh.27,308b5e3e-893d-40b9-85f4-957baa1a3533
馬玉志,@bpmlqvi.10,308b5e3e-893d-40b9-85f4-957baa1a3533
胡英麗,@rbixuwvt,308b5e3e-893d-40b9-85f4-957baa1a3533
張玉,@dfpnbvov,308b5e3e-893d-40b9-85f4-957baa1a3533
馬玉,--,308b5e3e-893d-40b9-85f4-957baa1a3533
張秀,@qbuz,308b5e3e-893d-40b9-85f4-957baa1a3533
楊志,@mom,308b5e3e-893d-40b9-85f4-957baa1a3533
楊娜,--,308b5e3e-893d-40b9-85f4-957baa1a3533
徐秀,--,308b5e3e-893d-40b9-85f4-957baa1a3533
黃文秀,@ychs.4232,308b5e3e-893d-40b9-85f4-957baa1a3533
吳國,--,308b5e3e-893d-40b9-85f4-957baa1a3533
周志,@fmsor,308b5e3e-893d-40b9-85f4-957baa1a3533
王強,@srjnqlv,308b5e3e-893d-40b9-85f4-957baa1a3533
王芳,@dnudwv.13,308b5e3e-893d-40b9-85f4-957baa1a3533
徐明華,--,308b5e3e-893d-40b9-85f4-957baa1a3533
孫明,@znk.87,308b5e3e-893d-40b9-85f4-957baa1a3533
孫英,--,308b5e3e-893d-40b9-85f4-957baa1a3533
胡偉,@ujpgcypv.825,308b5e3e-893d-40b9-85f4-957baa1a3533
王玉,@xliu.71,308b5e3e-893d-40b9-85f4-957baa1a3533
黃明,--,308b5e3e-893d-40b9-85f4-957baa1a3533
徐娜,@bybwmxop,308b5e3e-893d-40b9-85f4-957baa1a3533
徐秀強,--,308b5e3e-893d-40b9-85f4-957baa1a3533
黃秀,@rpzltxei,308b5e3e-893d-40b9-85f4-957baa1a3533
趙文,@xpyr,308b5e3e-893d-40b9-85f4-957baa1a3533
劉英偉,@kvycv,308b5e3e-893d-40b9-85f4-957baa1a3533
王國偉,--,308b5e3e-893d-40b9-85f4-957baa1a3533
徐明,@ruyoqtaj.9752,308b5e3e-893d-40b9-85f4-957baa1a3533
劉秀玉,@zwomsen.878,308b5e3e-893d-40b9-85f4-957baa1a3533
趙偉,@qyapixfo.0086,308b5e3e-893d-40b9-85f4-957baa1a3533
王志國,--,308b5e3e-893d-40b9-85f4-957baa1a3533
李偉,--,308b5e3e-893d-40b9-85f4-957baa1a3533
胡麗明,@qqao,308b5e3e-893d-40b9-85f4-957baa1a3533
楊明,@tcpcesed.447,308b5e3e-893d-40b9-85f4-957baa1a3533
張明明,--,308b5e3e-893d-40b9-85f4-957baa1a3533
徐芳,--,308b5e3e-893d-40b9-85f4-957baa1a3533
陳傑,@ndjrc.3164,308b5e3e-893d-40b9-85f4-957baa1a3533
李強娜,@vvuby,308b5e3e-893d-40b9-85f4-957baa1a3533
黃芳文,@awehp,308b5e3e-893d-40b9-85f4-957baa1a3533
吳傑,--,308b5e3e-893d-40b9-85f4-957baa1a3533
劉強芳,@omnxsutc.1893,308b5e3e-893d-40b9-85f4-957baa1a3533
陳文,--,308b5e3e-893d-40b9-85f4-957baa1a3533
馬偉,--,308b5e3e-893d-40b9-85f4-957baa1a3533
周建麗,--,308b5e3e-893d-40b9-85f4-957baa1a3533
王傑,@ixa.24,308b5e3e-893d-40b9-85f4-957baa1a3533
楊強,--,308b5e3e-893d-40b9-85f4-957baa1a3533
馬國明,@jjozsgo.362,308b5e3e-893d-40b9-85f4-957baa1a3533
李建,--,308b5e3e-893d-40b9-85f4-957baa1a3533
王娜志,@fnsemb,308b5e3e-893d-40b9-85f4-957baa1a3533
吳傑,--,308b5e3e-893d-40b9-85f4-957baa1a3533
周明,@mjmsmnyf,308b5e3e-893d-40b9-85f4-957baa1a3533
趙明建,--,308b5e3e-893d-40b9-85f4-957baa1a3533
吳國志,--,308b5e3e-893d-40b9-85f4-957baa1a3533
黃麗,@iyzluss.2499,308b5e3e-893d-40b9-85f4-957baa1a3533
吳芳,--,308b5e3e-893d-40b9-85f4-957baa1a3533
胡秀文,--,308b5e3e-893d-40b9-85f4-957baa1a3533
陳志,--,308b5e3e-893d-40b9-85f4-957baa1a3533
孫華,@phkgu.0804,308b5e3e-893d-40b9-85f4-957baa1a3533
馬志明,@dsei,308b5e3e-893d-40b9-85f4-957baa1a3533
趙芳,@aruddsp.7024,308b5e3e-893d-40b9-85f4-957baa1a3533
張傑,--,308b5e3e-893d-40b9-85f4-957baa1a3533
吳玉,@zgckxtnr,308b5e3e-893d-40b9-85f4-957baa1a3533
孫娜傑,@upyr.0895,308b5e3e-893d-40b9-85f4-957baa1a3533
徐英玉,@gflt,308b5e3e-893d-40b9-85f4-957baa1a3533
黃偉英,@hzmha,308b5e3e-893d-40b9-85f4-957baa1a3533
朱文,@iearo.93,308b5e3e-893d-40b9-85f4-957baa1a3533
馬傑,@sdyp.39,308b5e3e-893d-40b9-85f4-957baa1a3533
朱偉,--,308b5e3e-893d-40b9-85f4-957baa1a3533
李秀娜,@aonfd.345,308b5e3e-893d-40b9-85f4-957baa1a3533
劉志,@olxeed,308b5e3e-893d-40b9-85f4-957baa1a3533
孫傑麗,@ieo,308b5e3e-893d-40b9-85f4-957baa1a3533
李志,@bahsdkzv.4445,308b5e3e-893d-40b9-85f4-957baa1a3533
王強建,@nhuxkmv,308b5e3e-893d-40b9-85f4-957baa1a3533
黃強玉,@dtejdqg.3239,308b5e3e-893d-40b9-85f4-957baa1a3533
胡華,--,308b5e3e-893d-40b9-85f4-957baa1a3533
朱國,@lie.2210,308b5e3e-893d-40b9-85f4-957baa1a3533
劉志,@cqg.57,308b5e3e-893d-40b9-85f4-957baa1a3533
陳國,--,308b5e3e-893d-40b9-85f4-957baa1a3533
徐傑,--,308b5e3e-893d-40b9-85f4-957baa1a3533
王文,@znnwtvvt.676,308b5e3e-893d-40b9-85f4-957baa1a3533
楊英,--,308b5e3e-893d-40b9-85f4-957baa1a3533
朱芳,--,308b5e3e-893d-40b9-85f4-957baa1a3533
劉明,@ybjji.11,308b5e3e-893d-40b9-85f4-957baa1a3533
趙玉建,@wuwcocu,308b5e3e-893d-40b9-85f4-957baa1a3533
張秀秀,--,308b5e3e-893d-40b9-85f4-957baa1a3533
胡玉,@atbztpnc.3542,308b5e3e-893d-40b9-85f4-957baa1a3533
趙建玉,@wxckamue,308b5e3e-893d-40b9-85f4-957baa1a3533
周華,@dmnhd.956,308b5e3e-893d-40b9-85f4-957baa1a3533
徐傑,@cghboyv.623,308b5e3e-893d-40b9-85f4-957baa1a3533
李麗,@dap,308b5e3e-893d-40b9-85f4-957baa1a3533
孫娜,@jfieuqj.6031,308b5e3e-893d-40b9-85f4-957baa1a3533
楊娜,--,308b5e3e-893d-40b9-85f4-957baa1a3533
胡文,@detdx.846,308b5e3e-893d-40b9-85f4-957baa1a3533
胡芳,@iodxhuas,308b5e3e-893d-40b9-85f4-957baa1a3533
黃英,@jxxsva.68,308b5e3e-893d-40b9-85f4-957baa1a3533
李偉文,@mzykahe.237,308b5e3e-893d-40b9-85f4-957baa1a3533
周明明,@eodregq.9978,308b5e3e-893d-40b9-85f4-957baa1a3533
徐國,@qfwesriz,308b5e3e-893d-40b9-85f4-957baa1a3533
朱強,@ezofbd.765,308b5e3e-893d-40b9-85f4-957baa1a3533
張娜建,--,308b5e3e-893d-40b9-85f4-957baa1a3533
馬文,@jnua.557,308b5e3e-893d-40b9-85f4-957baa1a3533
劉娜文,@wxlgfa,308b5e3e-893d-40b9-85f4-957baa1a3533
李娜,--,308b5e3e-893d-40b9-85f4-957baa1a3533
朱文,@ykad.88,308b5e3e-893d-40b9-85f4-957baa1a3533
張秀偉,--,308b5e3e-893d-40b9-85f4-957baa1a3533
吳國,--,308b5e3e-893d-40b9-85f4-957baa1a3533
楊強,--,308b5e3e-893d-40b9-85f4-957baa1a3533
孫傑華,@bizj.46,308b5e3e-893d-40b9-85f4-957baa1a3533
楊文建,@hywnats.3834,308b5e3e-893d-40b9-85f4-957baa1a3533
張麗,@rly,308b5e3e-893d-40b9-85f4-957baa1a3533
孫玉玉,--,308b5e3e-893d-40b9-85f4-957baa1a3533
王傑傑,@gxyidnm.6019,308b5e3e-893d-40b9-85f4-957baa1a3533
黃麗,@tqnaiyun.167,308b5e3e-893d-40b9-85f4-957baa1a3533
楊文華,--,308b5e3e-893d-40b9-85f4-957baa1a3533
王英娜,@hcx.768,308b5e3e-893d-40b9-85f4-957baa1a3533
吳麗,@zcbrs.40,308b5e3e-893d-40b9-85f4-957baa1a3533
徐華明,@pcxzov.707,308b5e3e-893d-40b9-85f4-957baa1a3533
趙強,@afgdpsd,308b5e3e-893d-40b9-85f4-957baa1a3533
胡志,--,308b5e3e-893d-40b9-85f4-957baa1a3533
徐志,@njkxjnm.0913,308b5e3e-893d-40b9-85f4-957baa1a3533
黃志偉,--,308b5e3e-893d-40b9-85f4-957baa1a3533
周英偉,@tssprm.92,308b5e3e-893d-40b9-85f4-957baa1a3533
朱華麗,--,308b5e3e-893d-40b9-85f4-957baa1a3533
楊志秀,--,308b5e3e-893d-40b9-85f4-957baa1a3533
陳明傑,--,308b5e3e-893d-40b9-85f4-957baa1a3533
馬麗麗,@sbglxfut,308b5e3e-893d-40b9-85f4-957baa1a3533
吳文華,@ywtnu.87,308b5e3e-893d-40b9-85f4-957baa1a3533
張芳,--,308b5e3e-893d-40b9-85f4-957baa1a3533
孫英,@ocgenamb,308b5e3e-893d-40b9-85f4-957baa1a3533
趙建偉,@eqlsl,308b5e3e-893d-40b9-85f4-957baa1a3533
徐秀娜,@kbxoe,308b5e3e-893d-40b9-85f4-957baa1a3533
胡傑偉,--,308b5e3e-893d-40b9-85f4-957baa1a3533
王偉,@wskr.9260,308b5e3e-893d-40b9-85f4-957baa1a3533
吳偉英,@jldtlo.500,308b5e3e-893d-40b9-85f4-957baa1a3533
朱偉,--,308b5e3e-893d-40b9-85f4-957baa1a3533
張文娜,@uzcaqh.1836,308b5e3e-893d-40b9-85f4-957baa1a3533
朱志國,@dfcaik.684,308b5e3e-893d-40b9-85f4-957baa1a3533
吳秀偉,@dbac.021,308b5e3e-893d-40b9-85f4-957baa1a3533
趙華,@zrtuqd.3179,308b5e3e-893d-40b9-85f4-957baa1a3533
徐秀,@tebfz,308b5e3e-893d-40b9-85f4-957baa1a3533
張玉,@iwn,308b5e3e-893d-40b9-85f4-957baa1a3533
張強,--,308b5e3e-893d-40b9-85f4-957baa1a3533
胡秀明,@swq,308b5e3e-893d-40b9-85f4-957baa1a3533
王明玉,@jdiafjf.637,308b5e3e-893d-40b9-85f4-957baa1a3533
張娜,@wixxj.01,308b5e3e-893d-40b9-85f4-957baa1a3533
周娜明,@sfxv,308b5e3e-893d-40b9-85f4-957baa1a3533
徐華,--,308b5e3e-893d-40b9-85f4-957baa1a3533
吳明秀,--,308b5e3e-893d-40b9-85f4-957baa1a3533
胡偉,@amscvca,308b5e3e-893d-40b9-85f4-957baa1a3533
馬明,--,308b5e3e-893d-40b9-85f4-957baa1a3533
胡明,@iyfwrylx,308b5e3e-893d-40b9-85f4-957baa1a3533
李秀強,@cxrg.609,308b5e3e-893d-40b9-85f4-957baa1a3533
吳建,--,308b5e3e-893d-40b9-85f4-957baa1a3533
孫偉,@raiqd,308b5e3e-893d-40b9-85f4-957baa1a3533
徐文,@mdbl.06,308b5e3e-893d-40b9-85f4-957baa1a3533
趙偉強,@sxeuxr.1292,308b5e3e-893d-40b9-85f4-957baa1a3533
劉娜,@pzjlu.035,308b5e3e-893d-40b9-85f4-957baa1a3533
張傑,--,308b5e3e-893d-40b9-85f4-957baa1a3533
劉志,--,308b5e3e-893d-40b9-85f4-957baa1a3533
趙志,--,308b5e3e-893d-40b9-85f4-957baa1a3533
王偉英,--,308b5e3e-893d-40b9-85f4-957baa1a3533
陳娜,@cvog.7512,308b5e3e-893d-40b9-85f4-957baa1a3533
周國強,--,308b5e3e-893d-40b9-85f4-957baa1a3533
王玉麗,@obll.12,308b5e3e-893d-40b9-85f4-957baa1a3533
吳玉英,--,308b5e3e-893d-40b9-85f4-957baa1a3533
徐文建,@usegp,308b5e3e-893d-40b9-85f4-957baa1a3533
趙玉,@xvukf.4277,308b5e3e-893d-40b9-85f4-957baa1a3533
徐玉秀,@hie,308b5e3e-893d-40b9-85f4-957baa1a3533
胡偉,@nfg,308b5e3e-893d-40b9-85f4-957baa1a3533
孫國芳,--,308b5e3e-893d-40b9-85f4-957baa1a3533
趙芳,--,308b5e3e-893d-40b9-85f4-957baa1a3533
李偉,@hmgufzwr,308b5e3e-893d-40b9-85f4-957baa1a3533
吳明,--,308b5e3e-893d-40b9-85f4-957baa1a3533
周文,@rlvl,308b5e3e-893d-40b9-85f4-957baa1a3533
張偉,@uqabw,308b5e3e-893d-40b9-85f4-957baa1a3533
張芳英,@revzmc.245,308b5e3e-893d-40b9-85f4-957baa1a3533
吳傑,@vdzy.273,308b5e3e-893d-40b9-85f4-957baa1a3533
徐傑,@aaq.39,308b5e3e-893d-40b9-85f4-957baa1a3533
陳秀,@ahgpq.92,308b5e3e-893d-40b9-85f4-957baa1a3533
陳偉,@smdc.78,308b5e3e-893d-40b9-85f4-957baa1a3533
胡秀玉,@zsn,308b5e3e-893d-40b9-85f4-957baa1a3533
徐英,@gfiayr,308b5e3e-893d-40b9-85f4-957baa1a3533
劉玉,@ous,308b5e3e-893d-40b9-85f4-957baa1a3533
徐強,@wlbvb.9808,308b5e3e-893d-40b9-85f4-957baa1a3533
趙玉,@mgij.9818,308b5e3e-893d-40b9-85f4-957baa1a3533
王建芳,--,308b5e3e-893d-40b9-85f4-957baa1a3533
周建國,@fjg,308b5e3e-893d-40b9-85f4-957baa1a3533
朱玉偉,@jcdzan.1880,308b5e3e-893d-40b9-85f4-957baa1a3533
李華建,@mlbcgxc.9715,308b5e3e-893d-40b9-85f4-957baa1a3533
朱麗,--,308b5e3e-893d-40b9-85f4-957baa1a3533
趙麗,@htrm,308b5e3e-893d-40b9-85f4-957baa1a3533
朱英華,@tkzojo,308b5e3e-893d-40b9-85f4-957baa1a3533
李秀志,@rne,308b5e3e-893d-40b9-85f4-957baa1a3533
趙秀芳,@qocysoy,308b5e3e-893d-40b9-85f4-957baa1a3533
胡偉,--,308b5e3e-893d-40b9-85f4-957baa1a3533
王華,@wrwgqqsi.48,308b5e3e-893d-40b9-85f4-957baa1a3533
王文,@wvgu,308b5e3e-893d-40b9-85f4-957baa1a3533
張強娜,@hyouyqeq,308b5e3e-893d-40b9-85f4-957baa1a3533
黃傑麗,--,308b5e3e-893d-40b9-85f4-957baa1a3533
馬麗英,@woarkdi.51,308b5e3e-893d-40b9-85f4-957baa1a3533
胡秀,--,308b5e3e-893d-40b9-85f4-957baa1a3533
徐明,--,308b5e3e-893d-40b9-85f4-957baa1a3533
馬國,@omzd.975,308b5e3e-893d-40b9-85f4-957baa1a3533
張秀英,@mdcumqwr.8277,308b5e3e-893d-40b9-85f4-957baa1a3533
孫國國,@klb,308b5e3e-893d-40b9-85f4-957baa1a3533
黃玉,@crq,308b5e3e-893d-40b9-85f4-957baa1a3533
張國國,--,308b5e3e-893d-40b9-85f4-957baa1a3533
馬芳秀,@oht,308b5e3e-893d-40b9-85f4-957baa1a3533
周秀偉,@uiuxrtxl,308b5e3e-893d-40b9-85f4-957baa1a3533
馬文華,@dgq.5395,308b5e3e-893d-40b9-85f4-957baa1a3533
孫傑明,@zrqlcnur,308b5e3e-893d-40b9-85f4-957baa1a3533
孫偉,@iissvbet.180,308b5e3e-893d-40b9-85f4-957baa1a3533
陳國秀,--,308b5e3e-893d-40b9-85f4-957baa1a3533
吳玉建,@yrpjh.54,308b5e3e-893d-40b9-85f4-957baa1a3533
徐強,@ctedehl.75,308b5e3e-893d-40b9-85f4-957baa1a3533
胡英,@wmlsdqtu.6900,308b5e3e-893d-40b9-85f4-957baa1a3533
黃芳,@zqvmvis.635,308b5e3e-893d-40b9-85f4-957baa1a3533
陳秀明,@vddi,308b5e3e-893d-40b9-85f4-957baa1a3533
周麗,@uula,308b5e3e-893d-40b9-85f4-957baa1a3533
孫建,@aoxz,308b5e3e-893d-40b9-85f4-957baa1a3533
黃麗,@iykwvy,308b5e3e-893d-40b9-85f4-957baa1a3533
胡麗娜,@uzkjsnb,308b5e3e-893d-40b9-85f4-957baa1a3533
周玉芳,--,308b5e3e-893d-40b9-85f4-957baa1a3533
馬明,--,308b5e3e-893d-40b9-85f4-957baa1a3533
胡明,@giu,308b5e3e-893d-40b9-85f4-957baa1a3533
周志建,@pjzjyu.21,308b5e3e-893d-40b9-85f4-957baa1a3533
馬秀麗,@hwziip.8739,308b5e3e-893d-40b9-85f4-957baa1a3533
李玉,@pcsl,308b5e3e-893d-40b9-85f4-957baa1a3533
徐傑麗,@gmb.9541,308b5e3e-893d-40b9-85f4-957baa1a3533
孫志,@mfrmnd,308b5e3e-893d-40b9-85f4-957baa1a3533
張芳秀,@vsbmohos,308b5e3e-893d-40b9-85f4-957baa1a3533
吳偉建,--,308b5e3e-893d-40b9-85f4-957baa1a3533
楊華芳,--,308b5e3e-893d-40b9-85f4-957baa1a3533
周麗強,--,308b5e3e-893d-40b9-85f4-957baa1a3533
孫娜,@grmsihl.42,308b5e3e-893d-40b9-85f4-957baa1a3533
陳志建,--,308b5e3e-893d-40b9-85f4-957baa1a3533
周麗偉,@uuuonmj,308b5e3e-893d-40b9-85f4-957baa1a3533
胡英,@rzzlcm.06,308b5e3e-893d-40b9-85f4-957baa1a3533
吳志志,@zvd.53,308b5e3e-893d-40b9-85f4-957baa1a3533
王建志,--,308b5e3e-893d-40b9-85f4-957baa1a3533
胡志,@ghdbr.3190,308b5e3e-893d-40b9-85f4-957baa1a3533
胡玉英,@ilfjotz.719,308b5e3e-893d-40b9-85f4-957baa1a3533
張國志,@dydzp.309,308b5e3e-893d-40b9-85f4-957baa1a3533
吳傑,@ysuditcj,308b5e3e-893d-40b9-85f4-957baa1a3533
胡秀,--,308b5e3e-893d-40b9-85f4-957baa1a3533
劉志建,@zjyh.73,308b5e3e-893d-40b9-85f4-957baa1a3533
楊芳國,@wpzr.6579,308b5e3e-893d-40b9-85f4-957baa1a3533
馬建英,@yzv,308b5e3e-893d-40b9-85f4-957baa1a3533
楊國,--,308b5e3e-893d-40b9-85f4-957baa1a3533
孫國,--,308b5e3e-893d-40b9-85f4-957baa1a3533
李明,--,308b5e3e-893d-40b9-85f4-957baa1a3533
王麗華,--,308b5e3e-893d-40b9-85f4-957baa1a3533
朱秀麗,@cqhckfqb,308b5e3e-893d-40b9-85f4-957baa1a3533
陳建建,@hemje,308b5e3e-893d-40b9-85f4-957baa1a3533
趙文強,@vsbsdnu.1582,308b5e3e-893d-40b9-85f4-957baa1a3533
李明,--,308b5e3e-893d-40b9-85f4-957baa1a3533
吳明,--,308b5e3e-893d-40b9-85f4-957baa1a3533
朱偉秀,@abieuog.3714,308b5e3e-893d-40b9-85f4-957baa1a3533
趙國,@mgdp,308b5e3e-893d-40b9-85f4-957baa1a3533
陳娜文,--,308b5e3e-893d-40b9-85f4-957baa1a3533
朱偉建,@yxjk,308b5e3e-893d-40b9-85f4-957baa1a3533
李國,@jxzfslb.53,308b5e3e-893d-40b9-85f4-957baa1a3533
胡偉,@wolmp.99,308b5e3e-893d-40b9-85f4-957baa1a3533
徐秀,@tnc.78,308b5e3e-893d-40b9-85f4-957baa1a3533
王英強,@nay.6539,308b5e3e-893d-40b9-85f4-957baa1a3533
吳國偉,@ayp.1197,308b5e3e-893d-40b9-85f4-957baa1a3533
李華,@nwbyv.14,308b5e3e-893d-40b9-85f4-957baa1a3533
吳娜,@dslzs.419,308b5e3e-893d-40b9-85f4-957baa1a3533
楊秀,@utlth.45,308b5e3e-893d-40b9-85f4-957baa1a3533
劉明華,@grhez,308b5e3e-893d-40b9-85f4-957baa1a3533
劉英,@tijdqvq.006,308b5e3e-893d-40b9-85f4-957baa1a3533
馬偉傑,@tfha.60,308b5e3e-893d-40b9-85f4-957baa1a3533
王明,@dml,308b5e3e-893d-40b9-85f4-957baa1a3533
朱麗芳,--,308b5e3e-893d-40b9-85f4-957baa1a3533
劉志玉,--,308b5e3e-893d-40b9-85f4-957baa1a3533
馬偉,@ivdfyj,308b5e3e-893d-40b9-85f4-957baa1a3533
趙志,--,308b5e3e-893d-40b9-85f4-957baa1a3533
王麗,@xpvylmi,308b5e3e-893d-40b9-85f4-957baa1a3533
吳芳強,--,308b5e3e-893d-40b9-85f4-957baa1a3533
朱明,--,308b5e3e-893d-40b9-85f4-957baa1a3533
吳玉,--,308b5e3e-893d-40b9-85f4-957baa1a3533
吳文,@efzyslf,308b5e3e-893d-40b9-85f4-957baa1a3533
楊英,@llzvmble.081,308b5e3e-893d-40b9-85f4-957baa1a3533
陳麗,@ejr,308b5e3e-893d-40b9-85f4-957baa1a3533
胡娜國,@ghpnjb,308b5e3e-893d-40b9-85f4-957baa1a3533
楊傑,@spkbrl.5800,308b5e3e-893d-40b9-85f4-957baa1a3533
陳國,@iqvnnvn,308b5e3e-893d-40b9-85f4-957baa1a3533
張娜志,@eyuglz.19,308b5e3e-893d-40b9-85f4-957baa1a3533
王玉英,--,308b5e3e-893d-40b9-85f4-957baa1a3533
徐明志,@nwyyqsf.066,308b5e3e-893d-40b9-85f4-957baa1a3533
楊秀華,@yhiclndo,308b5e3e-893d-40b9-85f4-957baa1a3533
馬文文,--,308b5e3e-893d-40b9-85f4-957baa1a3533
孫麗,@iuxgnd,308b5e3e-893d-40b9-85f4-957baa1a3533
陳娜,@zbxjv,308b5e3e-893d-40b9-85f4-957baa1a3533
李強華,@hjzmltkq.8493,308b5e3e-893d-40b9-85f4-957baa1a3533
吳玉文,@amuwcir.9579,308b5e3e-893d-40b9-85f4-957baa1a3533
王文文,--,308b5e3e-893d-40b9-85f4-957baa1a3533
張偉,--,308b5e3e-893d-40b9-85f4-957baa1a3533
孫秀強,@eobzhfj,308b5e3e-893d-40b9-85f4-957baa1a3533
徐麗,--,308b5e3e-893d-40b9-85f4-957baa1a3533
孫偉娜,--,308b5e3e-893d-40b9-85f4-957baa1a3533
趙強英,@nxtbbkhf.379,308b5e3e-893d-40b9-85f4-957baa1a3533
吳娜國,@xjqt,308b5e3e-893d-40b9-85f4-957baa1a3533
周偉國,--,308b5e3e-893d-40b9-85f4-957baa1a3533
張強,@prd.50,308b5e3e-893d-40b9-85f4-957baa1a3533
徐建傑,--,308b5e3e-893d-40b9-85f4-957baa1a3533
楊強,--,308b5e3e-893d-40b9-85f4-957baa1a3533
馬建娜,@otwnev,308b5e3e-893d-40b9-85f4-957baa1a3533
吳麗,--,308b5e3e-893d-40b9-85f4-957baa1a3533
朱華傑,--,308b5e3e-893d-40b9-85f4-957baa1a3533
李明,--,308b5e3e-893d-40b9-85f4-957baa1a3533
吳芳芳,@wqbnu.6481,308b5e3e-893d-40b9-85f4-957baa1a3533
陳華,@jkszvjby,308b5e3e-893d-40b9-85f4-957baa1a3533
王建強,@axllsh,308b5e3e-893d-40b9-85f4-957baa1a3533
徐強,@wgo.03,308b5e3e-893d-40b9-85f4-957baa1a3533
胡偉,@hnwd.871,308b5e3e-893d-40b9-85f4-957baa1a3533
黃芳傑,@mcoc,308b5e3e-893d-40b9-85f4-957baa1a3533
王秀,--,308b5e3e-893d-40b9-85f4-957baa1a3533
陳文,@svjaida.014,308b5e3e-893d-40b9-85f4-957baa1a3533
孫國,@vxqzin,308b5e3e-893d-40b9-85f4-957baa1a3533
孫秀,@vgw,308b5e3e-893d-40b9-85f4-957baa1a3533
胡志麗,@czuvnn.000,308b5e3e-893d-40b9-85f4-957baa1a3533
朱芳,@alcrhnd.117,308b5e3e-893d-40b9-85f4-957baa1a3533
馬強,@thlqtb.412,308b5e3e-893d-40b9-85f4-957baa1a3533
楊玉麗,--,308b5e3e-893d-40b9-85f4-957baa1a3533
趙麗,@wuz.160,308b5e3e-893d-40b9-85f4-957baa1a3533
周明強,--,308b5e3e-893d-40b9-85f4-957baa1a3533
陳志,--,308b5e3e-893d-40b9-85f4-957baa1a3533
孫偉傑,@zghvu,308b5e3e-893d-40b9-85f4-957baa1a3533
劉文,@yjhraf,308b5e3e-893d-40b9-85f4-957baa1a3533
吳國秀,@qqziimh,308b5e3e-893d-40b9-85f4-957baa1a3533
王麗娜,@vcojs,308b5e3e-893d-40b9-85f4-957baa1a3533
劉芳強,@rnf.617,308b5e3e-893d-40b9-85f4-957baa1a3533
徐文,@wmmwx,308b5e3e-893d-40b9-85f4-957baa1a3533
劉麗,@qfefqjji,308b5e3e-893d-40b9-85f4-957baa1a3533
胡芳,@qlpfxi,308b5e3e-893d-40b9-85f4-957baa1a3533
趙秀傑,@cyxu.70,308b5e3e-893d-40b9-85f4-957baa1a3533
陳秀,@yaivsiz.77,308b5e3e-893d-40b9-85f4-957baa1a3533
王偉華,@joz.65,308b5e3e-893d-40b9-85f4-957baa1a3533
馬國英,@osn.6970,308b5e3e-893d-40b9-85f4-957baa1a3533
胡偉,@trgncwt.435,308b5e3e-893d-40b9-85f4-957baa1a3533
周強,@woiet.556,308b5e3e-893d-40b9-85f4-957baa1a3533
孫明華,@owgo,308b5e3e-893d-40b9-85f4-957baa1a3533
黃明建,@noqhik.506,308b5e3e-893d-40b9-85f4-957baa1a3533
朱明,@bbqdgxl.28,308b5e3e-893d-40b9-85f4-957baa1a3533
徐芳華,@cniq,308b5e3e-893d-40b9-85f4-957baa1a3533
吳文華,@mbyx,308b5e3e-893d-40b9-85f4-957baa1a3533
黃建秀,@sbb.3462,308b5e3e-893d-40b9-85f4-957baa1a3533
朱英,@juowqam,308b5e3e-893d-40b9-85f4-957baa1a3533
周華,@lydme,308b5e3e-893d-40b9-85f4-957baa1a3533
胡芳,@httduyv.7640,308b5e3e-893d-40b9-85f4-957baa1a3533
楊明傑,--,308b5e3e-893d-40b9-85f4-957baa1a3533
吳偉,--,308b5e3e-893d-40b9-85f4-957baa1a3533
李偉,--,308b5e3e-893d-40b9-85f4-957baa1a3533
孫秀建,--,308b5e3e-893d-40b9-85f4-957baa1a3533
趙建明,@tayzqx.111,308b5e3e-893d-40b9-85f4-957baa1a3533
馬芳,--,308b5e3e-893d-40b9-85f4-957baa1a3533
王麗強,@beheony,308b5e3e-893d-40b9-85f4-957baa1a3533
吳偉玉,--,308b5e3e-893d-40b9-85f4-957baa1a3533
陳芳,@ldexft.794,308b5e3e-893d-40b9-85f4-957baa1a3533
孫玉,@ireulqym,308b5e3e-893d-40b9-85f4-957baa1a3533
陳娜明,@yuzjwt.22,308b5e3e-893d-40b9-85f4-957baa1a3533
徐秀,--,308b5e3e-893d-40b9-85f4-957baa1a3533
趙明,@lqrtrpal,308b5e3e-893d-40b9-85f4-957baa1a3533
吳強,@prwf,308b5e3e-893d-40b9-85f4-957baa1a3533
楊麗,@wlydz,308b5e3e-893d-40b9-85f4-957baa1a3533
趙娜國,--,308b5e3e-893d-40b9-85f4-957baa1a3533
徐明,--,308b5e3e-893d-40b9-85f4-957baa1a3533
孫強,--,308b5e3e-893d-40b9-85f4-957baa1a3533
吳玉偉,@xao.78,308b5e3e-893d-40b9-85f4-957baa1a3533
黃志國,@zwp,308b5e3e-893d-40b9-85f4-957baa1a3533
周國華,@tzuoccq.284,308b5e3e-893d-40b9-85f4-957baa1a3533
朱傑,@gpzrspps.840,308b5e3e-893d-40b9-85f4-957baa1a3533
黃玉,@nnk,308b5e3e-893d-40b9-85f4-957baa1a3533
孫娜,@gezxda.4605,308b5e3e-893d-40b9-85f4-957baa1a3533
徐強,@icglszo,308b5e3e-893d-40b9-85f4-957baa1a3533
張英華,@gudvfosg.4300,308b5e3e-893d-40b9-85f4-957baa1a3533
吳華文,@qum.5558,308b5e3e-893d-40b9-85f4-957baa1a3533
徐玉,--,308b5e3e-893d-40b9-85f4-957baa1a3533
馬志志,--,308b5e3e-893d-40b9-85f4-957baa1a3533
吳秀,@vim,308b5e3e-893d-40b9-85f4-957baa1a3533
朱建強,--,308b5e3e-893d-40b9-85f4-957baa1a3533
朱秀建,@uuofvrhc,308b5e3e-893d-40b9-85f4-957baa1a3533
黃英麗,@btajh,308b5e3e-893d-40b9-85f4-957baa1a3533
趙偉志,@qqcl,308b5e3e-893d-40b9-85f4-957baa1a3533
徐國,--,308b5e3e-893d-40b9-85f4-957baa1a3533
周英芳,--,308b5e3e-893d-40b9-85f4-957baa1a3533
朱英文,@rppkak,308b5e3e-893d-40b9-85f4-957baa1a3533
胡志,@yloyd.867,308b5e3e-893d-40b9-85f4-957baa1a3533
徐英,@wwxdc.86,308b5e3e-893d-40b9-85f4-957baa1a3533
張文,@dkbeibrn.09,308b5e3e-893d-40b9-85f4-957baa1a3533
馬強,--,308b5e3e-893d-40b9-85f4-957baa1a3533
趙文明,@iuzmlht.859,308b5e3e-893d-40b9-85f4-957baa1a3533
孫文,@eokgippl.8559,308b5e3e-893d-40b9-85f4-957baa1a3533
張華,--,308b5e3e-893d-40b9-85f4-957baa1a3533
趙國,--,308b5e3e-893d-40b9-85f4-957baa1a3533
王芳,--,308b5e3e-893d-40b9-85f4-957baa1a3533
王志,--,308b5e3e-893d-40b9-85f4-957baa1a3533
胡建傑,@dnrk,308b5e3e-893d-40b9-85f4-957baa1a3533
楊華傑,@lvr,308b5e3e-893d-40b9-85f4-957baa1a3533
孫芳志,@bbujoq,308b5e3e-893d-40b9-85f4-957baa1a3533
孫華麗,@cnyyl.46,308b5e3e-893d-40b9-85f4-957baa1a3533
李文,--,308b5e3e-893d-40b9-85f4-957baa1a3533
王秀,@irohbejx,308b5e3e-893d-40b9-85f4-957baa1a3533
陳秀芳,@szb.503,308b5e3e-893d-40b9-85f4-957baa1a3533
李華,@bbghmv.18,308b5e3e-893d-40b9-85f4-957baa1a3533
胡秀,@szdck,308b5e3e-893d-40b9-85f4-957baa1a3533
周英強,@czlq.50,308b5e3e-893d-40b9-85f4-957baa1a3533
徐明,--,308b5e3e-893d-40b9-85f4-957baa1a3533
朱秀麗,@oit.7262,308b5e3e-893d-40b9-85f4-957baa1a3533
吳強國,@zonri.862,308b5e3e-893d-40b9-85f4-957baa1a3533
孫麗,@rcaa.665,308b5e3e-893d-40b9-85f4-957baa1a3533
陳強志,@vpqvomc.17,308b5e3e-893d-40b9-85f4-957baa1a3533
李國,@spsni,308b5e3e-893d-40b9-85f4-957baa1a3533
黃華文,@xii.2995,308b5e3e-893d-40b9-85f4-957baa1a3533
胡英英,@jjjj,308b5e3e-893d-40b9-85f4-957baa1a3533
黃文秀,@pglzohut.229,308b5e3e-893d-40b9-85f4-957baa1a3533
